{
  "best_model_name": "random_forest",
  "feature_columns": [
    "num_employees",
    "num_tasks",
    "num_skills",
    "total_required_workload",
    "total_available_capacity",
    "capacity_ratio",
    "avg_candidates_per_task",
    "min_candidates_per_task",
    "fraction_single_candidate_tasks",
    "fraction_zero_candidate_tasks"
  ],
  "target_column": "is_feasible",
  "metrics": {
    "accuracy": 0.8966666666666666,
    "precision": 0.9061135371179039,
    "recall": 0.956221198156682,
    "f1": 0.9304932735426009,
    "confusion_matrix": [
      [
        123,
        43
      ],
      [
        19,
        415
      ]
    ],
    "classification_report": "              precision    recall  f1-score   support\n\n           0       0.87      0.74      0.80       166\n           1       0.91      0.96      0.93       434\n\n    accuracy                           0.90       600\n   macro avg       0.89      0.85      0.86       600\nweighted avg       0.90      0.90      0.89       600\n",
    "roc_auc": 0.9612181444672699
  },
  "all_results": {
    "logistic_regression": {
      "accuracy": 0.89,
      "precision": 0.9,
      "recall": 0.9539170506912442,
      "f1": 0.9261744966442953,
      "confusion_matrix": [
        [
          120,
          46
        ],
        [
          20,
          414
        ]
      ],
      "classification_report": "              precision    recall  f1-score   support\n\n           0       0.86      0.72      0.78       166\n           1       0.90      0.95      0.93       434\n\n    accuracy                           0.89       600\n   macro avg       0.88      0.84      0.86       600\nweighted avg       0.89      0.89      0.89       600\n",
      "roc_auc": 0.9627727499861195
    },
    "random_forest": {
      "accuracy": 0.8966666666666666,
      "precision": 0.9061135371179039,
      "recall": 0.956221198156682,
      "f1": 0.9304932735426009,
      "confusion_matrix": [
        [
          123,
          43
        ],
        [
          19,
          415
        ]
      ],
      "classification_report": "              precision    recall  f1-score   support\n\n           0       0.87      0.74      0.80       166\n           1       0.91      0.96      0.93       434\n\n    accuracy                           0.90       600\n   macro avg       0.89      0.85      0.86       600\nweighted avg       0.90      0.90      0.89       600\n",
      "roc_auc": 0.9612181444672699
    },
    "mlp_neural_network": {
      "accuracy": 0.8933333333333333,
      "precision": 0.9111111111111111,
      "recall": 0.9447004608294931,
      "f1": 0.9276018099547512,
      "confusion_matrix": [
        [
          126,
          40
        ],
        [
          24,
          410
        ]
      ],
      "classification_report": "              precision    recall  f1-score   support\n\n           0       0.84      0.76      0.80       166\n           1       0.91      0.94      0.93       434\n\n    accuracy                           0.89       600\n   macro avg       0.88      0.85      0.86       600\nweighted avg       0.89      0.89      0.89       600\n",
      "roc_auc": 0.9606212869912831
    }
  }
}